{
  "name" : "TrendingProduct",
  "type" : "NLPIntent",
  "trackingId" : "0563CD4B-3D82-4571-A04A-82CC785D0E83",
  "enabled" : true,
  "intentParameters" : [ {
    "name" : "Stores",
    "required" : true,
    "entity" : "Stores",
    "trackingId" : "EE974E19-0DCD-4D98-A3AC-CEE484DA581E"
  } ],
  "exampleData" : [ {
    "sentence" : "most selling ",
    "trackingId" : "6DB4008B-FB4B-44F8-BF89-53230D4E001D",
    "translated" : null,
    "detectedLanguage" : null,
    "translatedLanguage" : null,
    "translatedBy" : null,
    "exampleEntities" : [ ]
  }, {
    "sentence" : "tranding ",
    "trackingId" : "1F68CE56-86CE-4F6A-B5F0-B2A1CA6A1CB0",
    "translated" : null,
    "detectedLanguage" : null,
    "translatedLanguage" : null,
    "translatedBy" : null,
    "exampleEntities" : [ ]
  }, {
    "sentence" : "maximum ",
    "trackingId" : "F1696230-0896-4666-B454-6295E6183219",
    "translated" : null,
    "detectedLanguage" : null,
    "translatedLanguage" : null,
    "translatedBy" : null,
    "exampleEntities" : [ ]
  }, {
    "sentence" : "Highest Selling",
    "trackingId" : "4379F71C-B09A-40CE-AA0F-E2AFF64FCCB6",
    "translated" : null,
    "detectedLanguage" : null,
    "translatedLanguage" : null,
    "translatedBy" : null,
    "exampleEntities" : [ ]
  }, {
    "sentence" : "trending",
    "trackingId" : "2E397D5A-1C75-43C4-AD00-7A5D4162A7CB",
    "translated" : null,
    "detectedLanguage" : null,
    "translatedLanguage" : null,
    "translatedBy" : null,
    "exampleEntities" : [ ]
  }, {
    "sentence" : "maximum sell ",
    "trackingId" : "0DC8899D-F073-4962-8031-7148E1ABEAB3",
    "translated" : null,
    "detectedLanguage" : null,
    "translatedLanguage" : null,
    "translatedBy" : null,
    "exampleEntities" : [ ]
  }, {
    "sentence" : "trending ",
    "trackingId" : "023618DA-3D4A-49E4-BBFE-D090744C066D",
    "translated" : null,
    "detectedLanguage" : null,
    "translatedLanguage" : null,
    "translatedBy" : null,
    "exampleEntities" : [ ]
  }, {
    "sentence" : "highest sell ",
    "trackingId" : "1E11176B-56A5-4FF8-9BF7-DC1DE072D5F3",
    "translated" : null,
    "detectedLanguage" : null,
    "translatedLanguage" : null,
    "translatedBy" : null,
    "exampleEntities" : [ ]
  }, {
    "sentence" : "Highest S",
    "trackingId" : "1BC2B8B9-E031-4E93-9914-DA662C40D29B",
    "translated" : null,
    "detectedLanguage" : null,
    "translatedLanguage" : null,
    "translatedBy" : null,
    "exampleEntities" : [ ]
  }, {
    "sentence" : "selling ",
    "trackingId" : "5BD30E38-9956-4E20-B72A-12FCA31FEDDF",
    "translated" : null,
    "detectedLanguage" : null,
    "translatedLanguage" : null,
    "translatedBy" : null,
    "exampleEntities" : [ ]
  } ],
  "autoCompleteData" : [ ]
}