{
  "languageTag" : "default",
  "keys" : {
    "system.intent.Greeting.conversationName" : {
      "message" : "Greeting",
      "extensionType" : null,
      "trackingId" : "F1C86CC4-C872-4E67-ADCB-3DEC12D419D2"
    },
    "system.intent.InventoryForecasting.conversationName" : {
      "message" : "InventoryForecasting",
      "extensionType" : null,
      "trackingId" : "5DBAA3BA-132E-4F31-BF07-65FDCF4EC804"
    },
    "system.intent.TrendingProduct.conversationName" : {
      "message" : "TrendingProduct",
      "extensionType" : null,
      "trackingId" : "0E20B6B9-7619-4A2D-ACB8-3BCD3B397D69"
    },
    "system.intent.Stores.conversationName" : {
      "message" : "Stores",
      "extensionType" : null,
      "trackingId" : "A448B64D-0534-4290-A1A5-4478D1627F8E"
    }
  }
}